-4.2775,1901,1,CHE,,
-7.1674,1901,2,CHE,,
-0.8887,1901,3,CHE,,
4.84976,1901,4,CHE,,
8.98484,1901,5,CHE,,
13.0307,1901,6,CHE,,
14.0497,1901,7,CHE,,
13.0446,1901,8,CHE,,
10.8282,1901,9,CHE,,
5.95034,1901,10,CHE,,
-0.4353,1901,11,CHE,,
-1.6324,1901,12,CHE,,
-1.816,1902,1,CHE,,
-2.5455,1902,2,CHE,,
1.28603,1902,3,CHE,,
6.38529,1902,4,CHE,,
5.27693,1902,5,CHE,,
11.1006,1902,6,CHE,,
14.3379,1902,7,CHE,,
12.9348,1902,8,CHE,,
10.215,1902,9,CHE,,
5.35536,1902,10,CHE,,
0.02153,1902,11,CHE,,
-2.5159,1902,12,CHE,,
-3.2729,1903,1,CHE,,
-0.6962,1903,2,CHE,,
2.1773,1903,3,CHE,,
1.68158,1903,4,CHE,,
8.3495,1903,5,CHE,,
10.5429,1903,6,CHE,,
12.8155,1903,7,CHE,,
13.3354,1903,8,CHE,,
10.7092,1903,9,CHE,,
7.03117,1903,10,CHE,,
1.67412,1903,11,CHE,,
-2.5661,1903,12,CHE,,
-3.3956,1904,1,CHE,,
-1.241,1904,2,CHE,,
0.563,1904,3,CHE,,
5.9875,1904,4,CHE,,
9.97493,1904,5,CHE,,
12.9465,1904,6,CHE,,
16.2548,1904,7,CHE,,
14.5563,1904,8,CHE,,
8.97956,1904,9,CHE,,
6.23601,1904,10,CHE,,
0.28444,1904,11,CHE,,
-1.3891,1904,12,CHE,,
-5.0756,1905,1,CHE,,
-2.4739,1905,2,CHE,,
1.68687,1905,3,CHE,,
4.54277,1905,4,CHE,,
7.13646,1905,5,CHE,,
12.5305,1905,6,CHE,,
16.1317,1905,7,CHE,,
13.397,1905,8,CHE,,
10.8809,1905,9,CHE,,
3.16502,1905,10,CHE,,
0.91626,1905,11,CHE,,
-1.8463,1905,12,CHE,,
-2.4643,1906,1,CHE,,
-3.1686,1906,2,CHE,,
-0.0014,1906,3,CHE,,
3.93324,1906,4,CHE,,
8.7037,1906,5,CHE,,
11.8022,1906,6,CHE,,
14.0666,1906,7,CHE,,
14.5461,1906,8,CHE,,
10.1663,1906,9,CHE,,
7.83733,1906,10,CHE,,
2.37361,1906,11,CHE,,
-3.7936,1906,12,CHE,,
-4.0145,1907,1,CHE,,
-4.5358,1907,2,CHE,,
-0.2361,1907,3,CHE,,
3.05812,1907,4,CHE,,
9.01968,1907,5,CHE,,
11.8372,1907,6,CHE,,
12.1051,1907,7,CHE,,
14.0506,1907,8,CHE,,
11.1715,1907,9,CHE,,
7.29547,1907,10,CHE,,
2.16644,1907,11,CHE,,
-0.0637,1907,12,CHE,,
-4.6801,1908,1,CHE,,
-1.8519,1908,2,CHE,,
-0.4752,1908,3,CHE,,
2.35016,1908,4,CHE,,
10.1822,1908,5,CHE,,
13.5495,1908,6,CHE,,
13.4252,1908,7,CHE,,
12.1893,1908,8,CHE,,
9.64776,1908,9,CHE,,
6.09849,1908,10,CHE,,
-0.0564,1908,11,CHE,,
-2.1023,1908,12,CHE,,
-4.7338,1909,1,CHE,,
-4.782,1909,2,CHE,,
-1.3706,1909,3,CHE,,
5.83496,1909,4,CHE,,
8.35411,1909,5,CHE,,
10.3047,1909,6,CHE,,
11.8853,1909,7,CHE,,
13.192,1909,8,CHE,,
9.70088,1909,9,CHE,,
7.32963,1909,10,CHE,,
0.04887,1909,11,CHE,,
0.01048,1909,12,CHE,,
-1.8608,1910,1,CHE,,
-0.991,1910,2,CHE,,
1.09099,1910,3,CHE,,
3.72166,1910,4,CHE,,
7.3235,1910,5,CHE,,
12.2058,1910,6,CHE,,
11.9438,1910,7,CHE,,
12.7576,1910,8,CHE,,
8.84981,1910,9,CHE,,
6.97054,1910,10,CHE,,
0.48154,1910,11,CHE,,
0.47462,1910,12,CHE,,
-5.161,1911,1,CHE,,
-2.107,1911,2,CHE,,
0.89977,1911,3,CHE,,
3.8555,1911,4,CHE,,
8.86707,1911,5,CHE,,
11.3792,1911,6,CHE,,
16.2828,1911,7,CHE,,
16.3528,1911,8,CHE,,
12.3465,1911,9,CHE,,
6.13619,1911,10,CHE,,
2.81238,1911,11,CHE,,
0.4197,1911,12,CHE,,
-1.6831,1912,1,CHE,,
0.59329,1912,2,CHE,,
3.16208,1912,3,CHE,,
3.65024,1912,4,CHE,,
9.53768,1912,5,CHE,,
11.9053,1912,6,CHE,,
13.1462,1912,7,CHE,,
10.6636,1912,8,CHE,,
7.31032,1912,9,CHE,,
4.76025,1912,10,CHE,,
-0.7923,1912,11,CHE,,
-1.2042,1912,12,CHE,,
-1.7017,1913,1,CHE,,
-2.3989,1913,2,CHE,,
2.35898,1913,3,CHE,,
4.1039,1913,4,CHE,,
8.46751,1913,5,CHE,,
12.0003,1913,6,CHE,,
11.2243,1913,7,CHE,,
12.412,1913,8,CHE,,
9.81011,1913,9,CHE,,
7.04956,1913,10,CHE,,
3.86797,1913,11,CHE,,
-1.3014,1913,12,CHE,,
-5.8815,1914,1,CHE,,
-0.6863,1914,2,CHE,,
1.80925,1914,3,CHE,,
6.39742,1914,4,CHE,,
7.1912,1914,5,CHE,,
10.7949,1914,6,CHE,,
12.4253,1914,7,CHE,,
13.2279,1914,8,CHE,,
10.0808,1914,9,CHE,,
5.50486,1914,10,CHE,,
0.81137,1914,11,CHE,,
0.30178,1914,12,CHE,,
-2.5602,1915,1,CHE,,
-2.6074,1915,2,CHE,,
-0.1116,1915,3,CHE,,
3.53402,1915,4,CHE,,
10.5392,1915,5,CHE,,
13.525,1915,6,CHE,,
13.1394,1915,7,CHE,,
12.4496,1915,8,CHE,,
8.85667,1915,9,CHE,,
4.264,1915,10,CHE,,
-0.7236,1915,11,CHE,,
1.94633,1915,12,CHE,,
-0.2727,1916,1,CHE,,
-1.2525,1916,2,CHE,,
0.87019,1916,3,CHE,,
4.68271,1916,4,CHE,,
9.47127,1916,5,CHE,,
9.87405,1916,6,CHE,,
12.8431,1916,7,CHE,,
13.0909,1916,8,CHE,,
8.62213,1916,9,CHE,,
6.0252,1916,10,CHE,,
1.75891,1916,11,CHE,,
-0.6193,1916,12,CHE,,
-4.2849,1917,1,CHE,,
-4.9937,1917,2,CHE,,
-1.5347,1917,3,CHE,,
1.70581,1917,4,CHE,,
10.9358,1917,5,CHE,,
13.9114,1917,6,CHE,,
13.5645,1917,7,CHE,,
12.6334,1917,8,CHE,,
12.387,1917,9,CHE,,
4.51259,1917,10,CHE,,
1.18777,1917,11,CHE,,
-4.8923,1917,12,CHE,,
-2.7987,1918,1,CHE,,
-1.6236,1918,2,CHE,,
0.76908,1918,3,CHE,,
4.00235,1918,4,CHE,,
10.0189,1918,5,CHE,,
10.0196,1918,6,CHE,,
13.6905,1918,7,CHE,,
13.3461,1918,8,CHE,,
11.1351,1918,9,CHE,,
4.6237,1918,10,CHE,,
1.0082,1918,11,CHE,,
0.42328,1918,12,CHE,,
-1.877,1919,1,CHE,,
-2.775,1919,2,CHE,,
0.73089,1919,3,CHE,,
2.29167,1919,4,CHE,,
8.70606,1919,5,CHE,,
12.763,1919,6,CHE,,
11.1216,1919,7,CHE,,
15.164,1919,8,CHE,,
12.3957,1919,9,CHE,,
3.28829,1919,10,CHE,,
-0.6277,1919,11,CHE,,
-0.8834,1919,12,CHE,,
0.13241,1920,1,CHE,,
-0.1931,1920,2,CHE,,
2.86223,1920,3,CHE,,
4.95882,1920,4,CHE,,
11.4582,1920,5,CHE,,
11.8195,1920,6,CHE,,
13.6088,1920,7,CHE,,
11.976,1920,8,CHE,,
10.6248,1920,9,CHE,,
5.92972,1920,10,CHE,,
-0.1557,1920,11,CHE,,
-1.3339,1920,12,CHE,,
0.78429,1921,1,CHE,,
-1.7106,1921,2,CHE,,
2.23372,1921,3,CHE,,
3.6239,1921,4,CHE,,
9.86192,1921,5,CHE,,
12.563,1921,6,CHE,,
16.1173,1921,7,CHE,,
13.66,1921,8,CHE,,
11.7457,1921,9,CHE,,
8.66702,1921,10,CHE,,
-0.8524,1921,11,CHE,,
-1.3472,1921,12,CHE,,
-3.4912,1922,1,CHE,,
-2.5886,1922,2,CHE,,
1.55409,1922,3,CHE,,
2.88393,1922,4,CHE,,
10.8905,1922,5,CHE,,
12.6178,1922,6,CHE,,
12.6438,1922,7,CHE,,
13.2381,1922,8,CHE,,
8.41025,1922,9,CHE,,
4.38872,1922,10,CHE,,
-0.0406,1922,11,CHE,,
-1.4553,1922,12,CHE,,
-2.4657,1923,1,CHE,,
-0.0965,1923,2,CHE,,
1.86959,1923,3,CHE,,
4.25044,1923,4,CHE,,
8.79237,1923,5,CHE,,
8.99784,1923,6,CHE,,
15.8823,1923,7,CHE,,
14.5614,1923,8,CHE,,
10.2694,1923,9,CHE,,
8.08713,1923,10,CHE,,
1.34587,1923,11,CHE,,
-1.678,1923,12,CHE,,
-3.9821,1924,1,CHE,,
-3.8315,1924,2,CHE,,
0.56684,1924,3,CHE,,
4.74326,1924,4,CHE,,
10.1304,1924,5,CHE,,
12.0264,1924,6,CHE,,
13.7929,1924,7,CHE,,
10.7372,1924,8,CHE,,
10.7354,1924,9,CHE,,
6.56899,1924,10,CHE,,
1.57618,1924,11,CHE,,
-1.2961,1924,12,CHE,,
-1.1198,1925,1,CHE,,
-0.1283,1925,2,CHE,,
-1.5284,1925,3,CHE,,
4.38878,1925,4,CHE,,
8.73595,1925,5,CHE,,
13.002,1925,6,CHE,,
13.1834,1925,7,CHE,,
13.1221,1925,8,CHE,,
8.54506,1925,9,CHE,,
6.67929,1925,10,CHE,,
0.49288,1925,11,CHE,,
-2.0721,1925,12,CHE,,
-2.955,1926,1,CHE,,
1.51584,1926,2,CHE,,
1.62594,1926,3,CHE,,
5.83527,1926,4,CHE,,
7.02617,1926,5,CHE,,
10.0056,1926,6,CHE,,
13.4391,1926,7,CHE,,
13.6653,1926,8,CHE,,
12.8024,1926,9,CHE,,
6.82096,1926,10,CHE,,
3.80562,1926,11,CHE,,
-2.3377,1926,12,CHE,,
-1.8019,1927,1,CHE,,
-2.4091,1927,2,CHE,,
1.9639,1927,3,CHE,,
5.38229,1927,4,CHE,,
9.64721,1927,5,CHE,,
12.2867,1927,6,CHE,,
14.0664,1927,7,CHE,,
13.0644,1927,8,CHE,,
10.6419,1927,9,CHE,,
6.14498,1927,10,CHE,,
2.0208,1927,11,CHE,,
-1.8675,1927,12,CHE,,
-0.9955,1928,1,CHE,,
-0.1133,1928,2,CHE,,
1.29966,1928,3,CHE,,
4.81293,1928,4,CHE,,
6.78583,1928,5,CHE,,
12.51,1928,6,CHE,,
17.345,1928,7,CHE,,
15.1697,1928,8,CHE,,
10.6178,1928,9,CHE,,
6.0576,1928,10,CHE,,
2.89794,1928,11,CHE,,
-2.0544,1928,12,CHE,,
-6.2556,1929,1,CHE,,
-6.7218,1929,2,CHE,,
0.84711,1929,3,CHE,,
2.70001,1929,4,CHE,,
9.46275,1929,5,CHE,,
13.0476,1929,6,CHE,,
14.979,1929,7,CHE,,
13.5652,1929,8,CHE,,
13.3876,1929,9,CHE,,
7.01583,1929,10,CHE,,
2.02984,1929,11,CHE,,
0.89083,1929,12,CHE,,
-1.0378,1930,1,CHE,,
-2.4042,1930,2,CHE,,
1.90471,1930,3,CHE,,
5.0458,1930,4,CHE,,
7.53339,1930,5,CHE,,
14.4717,1930,6,CHE,,
12.7278,1930,7,CHE,,
13.1404,1930,8,CHE,,
11.2625,1930,9,CHE,,
6.18499,1930,10,CHE,,
3.64473,1930,11,CHE,,
-1.0044,1930,12,CHE,,
-2.3358,1931,1,CHE,,
-3.2823,1931,2,CHE,,
-1.2814,1931,3,CHE,,
3.44866,1931,4,CHE,,
10.4597,1931,5,CHE,,
14.3952,1931,6,CHE,,
13.2649,1931,7,CHE,,
12.1283,1931,8,CHE,,
7.11489,1931,9,CHE,,
5.40398,1931,10,CHE,,
2.80453,1931,11,CHE,,
-2.7331,1931,12,CHE,,
-1.6987,1932,1,CHE,,
-5.6813,1932,2,CHE,,
-1.1552,1932,3,CHE,,
3.14224,1932,4,CHE,,
7.81377,1932,5,CHE,,
11.1244,1932,6,CHE,,
12.9026,1932,7,CHE,,
15.7865,1932,8,CHE,,
13.401,1932,9,CHE,,
6.24147,1932,10,CHE,,
2.29979,1932,11,CHE,,
-1.0644,1932,12,CHE,,
-4.4442,1933,1,CHE,,
-2.2958,1933,2,CHE,,
1.73947,1933,3,CHE,,
5.19405,1933,4,CHE,,
7.74383,1933,5,CHE,,
9.77021,1933,6,CHE,,
14.8008,1933,7,CHE,,
14.9281,1933,8,CHE,,
11.3873,1933,9,CHE,,
6.7523,1933,10,CHE,,
0.31735,1933,11,CHE,,
-5.3471,1933,12,CHE,,
-2.857,1934,1,CHE,,
-2.4062,1934,2,CHE,,
0.92629,1934,3,CHE,,
6.544,1934,4,CHE,,
10.6656,1934,5,CHE,,
12.4692,1934,6,CHE,,
15.0168,1934,7,CHE,,
12.5327,1934,8,CHE,,
12.1854,1934,9,CHE,,
6.20126,1934,10,CHE,,
0.55451,1934,11,CHE,,
1.39154,1934,12,CHE,,
-4.2784,1935,1,CHE,,
-0.8703,1935,2,CHE,,
0.32611,1935,3,CHE,,
3.97707,1935,4,CHE,,
6.93945,1935,5,CHE,,
14.0174,1935,6,CHE,,
15.2327,1935,7,CHE,,
13.0259,1935,8,CHE,,
11.3117,1935,9,CHE,,
6.55102,1935,10,CHE,,
2.72155,1935,11,CHE,,
-2.3753,1935,12,CHE,,
0.76516,1936,1,CHE,,
-1.6559,1936,2,CHE,,
2.63965,1936,3,CHE,,
3.95202,1936,4,CHE,,
9.26418,1936,5,CHE,,
11.8374,1936,6,CHE,,
13.01,1936,7,CHE,,
13.3408,1936,8,CHE,,
10.7454,1936,9,CHE,,
3.40187,1936,10,CHE,,
1.55947,1936,11,CHE,,
-0.827,1936,12,CHE,,
-1.6446,1937,1,CHE,,
0.58521,1937,2,CHE,,
0.13903,1937,3,CHE,,
4.70893,1937,4,CHE,,
10.4795,1937,5,CHE,,
13.1977,1937,6,CHE,,
14.4196,1937,7,CHE,,
13.8573,1937,8,CHE,,
10.2282,1937,9,CHE,,
6.53031,1937,10,CHE,,
1.32133,1937,11,CHE,,
-2.5761,1937,12,CHE,,
-2.0628,1938,1,CHE,,
-2.2737,1938,2,CHE,,
3.78715,1938,3,CHE,,
2.37979,1938,4,CHE,,
7.14881,1938,5,CHE,,
13.4596,1938,6,CHE,,
13.4695,1938,7,CHE,,
13.3036,1938,8,CHE,,
10.8712,1938,9,CHE,,
6.3849,1938,10,CHE,,
3.48122,1938,11,CHE,,
-3.2925,1938,12,CHE,,
-0.9283,1939,1,CHE,,
-1.126,1939,2,CHE,,
-1.1858,1939,3,CHE,,
5.77984,1939,4,CHE,,
6.03585,1939,5,CHE,,
12.3606,1939,6,CHE,,
13.0279,1939,7,CHE,,
13.5424,1939,8,CHE,,
10.0832,1939,9,CHE,,
5.34014,1939,10,CHE,,
3.37954,1939,11,CHE,,
-2.6438,1939,12,CHE,,
-7.2143,1940,1,CHE,,
-2.8421,1940,2,CHE,,
0.96619,1940,3,CHE,,
4.94741,1940,4,CHE,,
8.68316,1940,5,CHE,,
11.6155,1940,6,CHE,,
12.4971,1940,7,CHE,,
12.4083,1940,8,CHE,,
10.8766,1940,9,CHE,,
5.97379,1940,10,CHE,,
2.69422,1940,11,CHE,,
-5.4915,1940,12,CHE,,
-4.9732,1941,1,CHE,,
-1.9617,1941,2,CHE,,
1.62865,1941,3,CHE,,
3.21737,1941,4,CHE,,
5.50798,1941,5,CHE,,
12.524,1941,6,CHE,,
14.7323,1941,7,CHE,,
12.3814,1941,8,CHE,,
10.0737,1941,9,CHE,,
5.51197,1941,10,CHE,,
0.65563,1941,11,CHE,,
-1.7732,1941,12,CHE,,
-6.8568,1942,1,CHE,,
-5.2579,1942,2,CHE,,
1.99362,1942,3,CHE,,
4.97237,1942,4,CHE,,
9.02804,1942,5,CHE,,
12.5381,1942,6,CHE,,
14.0242,1942,7,CHE,,
14.0777,1942,8,CHE,,
12.8818,1942,9,CHE,,
8.90522,1942,10,CHE,,
0.51978,1942,11,CHE,,
-1.242,1942,12,CHE,,
-2.4477,1943,1,CHE,,
-0.3308,1943,2,CHE,,
2.67998,1943,3,CHE,,
6.28582,1943,4,CHE,,
9.79211,1943,5,CHE,,
11.7542,1943,6,CHE,,
14.3585,1943,7,CHE,,
15.5199,1943,8,CHE,,
11.8991,1943,9,CHE,,
8.3369,1943,10,CHE,,
0.73579,1943,11,CHE,,
-0.8738,1943,12,CHE,,
-1.339,1944,1,CHE,,
-3.775,1944,2,CHE,,
-0.918,1944,3,CHE,,
6.36335,1944,4,CHE,,
8.97744,1944,5,CHE,,
11.4712,1944,6,CHE,,
13.9139,1944,7,CHE,,
16.4384,1944,8,CHE,,
10.4904,1944,9,CHE,,
5.50755,1944,10,CHE,,
1.14781,1944,11,CHE,,
-2.3754,1944,12,CHE,,
-6.9027,1945,1,CHE,,
-0.0748,1945,2,CHE,,
3.06473,1945,3,CHE,,
6.73829,1945,4,CHE,,
10.8716,1945,5,CHE,,
14.4636,1945,6,CHE,,
16.0318,1945,7,CHE,,
13.3947,1945,8,CHE,,
11.731,1945,9,CHE,,
6.78132,1945,10,CHE,,
0.58373,1945,11,CHE,,
-0.9561,1945,12,CHE,,
-4.0255,1946,1,CHE,,
0.38197,1946,2,CHE,,
2.11375,1946,3,CHE,,
7.0764,1946,4,CHE,,
9.51662,1946,5,CHE,,
11.4973,1946,6,CHE,,
15.139,1946,7,CHE,,
13.6666,1946,8,CHE,,
11.8202,1946,9,CHE,,
5.63011,1946,10,CHE,,
1.23221,1946,11,CHE,,
-3.3921,1946,12,CHE,,
-5.7631,1947,1,CHE,,
-4.0771,1947,2,CHE,,
1.55789,1947,3,CHE,,
7.17266,1947,4,CHE,,
10.8258,1947,5,CHE,,
14.3767,1947,6,CHE,,
16.1203,1947,7,CHE,,
16.3184,1947,8,CHE,,
13.2698,1947,9,CHE,,
6.97063,1947,10,CHE,,
3.21895,1947,11,CHE,,
-0.9749,1947,12,CHE,,
0.17931,1948,1,CHE,,
-1.4153,1948,2,CHE,,
4.2829,1948,3,CHE,,
5.63062,1948,4,CHE,,
9.92886,1948,5,CHE,,
11.8007,1948,6,CHE,,
11.9684,1948,7,CHE,,
13.5127,1948,8,CHE,,
10.9527,1948,9,CHE,,
7.43269,1948,10,CHE,,
2.24251,1948,11,CHE,,
-1.7266,1948,12,CHE,,
-1.7894,1949,1,CHE,,
-1.3795,1949,2,CHE,,
-0.2441,1949,3,CHE,,
7.76878,1949,4,CHE,,
7.86951,1949,5,CHE,,
12.5276,1949,6,CHE,,
15.4729,1949,7,CHE,,
14.876,1949,8,CHE,,
13.713,1949,9,CHE,,
8.58586,1949,10,CHE,,
1.43072,1949,11,CHE,,
0.04569,1949,12,CHE,,
-3.2777,1950,1,CHE,,
-0.1039,1950,2,CHE,,
2.50021,1950,3,CHE,,
3.58184,1950,4,CHE,,
10.4672,1950,5,CHE,,
14.7428,1950,6,CHE,,
16.5784,1950,7,CHE,,
14.4663,1950,8,CHE,,
10.703,1950,9,CHE,,
6.54058,1950,10,CHE,,
2.13901,1950,11,CHE,,
-2.8624,1950,12,CHE,,
-0.9897,1951,1,CHE,,
-0.7917,1951,2,CHE,,
0.26186,1951,3,CHE,,
4.68001,1951,4,CHE,,
8.02173,1951,5,CHE,,
11.9548,1951,6,CHE,,
14.0961,1951,7,CHE,,
13.6244,1951,8,CHE,,
12.0095,1951,9,CHE,,
5.65536,1951,10,CHE,,
3.2039,1951,11,CHE,,
-1.3779,1951,12,CHE,,
-3.2563,1952,1,CHE,,
-3.376,1952,2,CHE,,
1.9849,1952,3,CHE,,
6.63861,1952,4,CHE,,
9.72068,1952,5,CHE,,
13.743,1952,6,CHE,,
16.8644,1952,7,CHE,,
14.7317,1952,8,CHE,,
8.26595,1952,9,CHE,,
5.63326,1952,10,CHE,,
0.42498,1952,11,CHE,,
-1.8501,1952,12,CHE,,
-4.5382,1953,1,CHE,,
-2.8889,1953,2,CHE,,
2.08215,1953,3,CHE,,
5.97857,1953,4,CHE,,
10.5684,1953,5,CHE,,
10.9567,1953,6,CHE,,
14.2669,1953,7,CHE,,
13.913,1953,8,CHE,,
11.6677,1953,9,CHE,,
7.80655,1953,10,CHE,,
1.35595,1953,11,CHE,,
0.41321,1953,12,CHE,,
-4.6339,1954,1,CHE,,
-3.7263,1954,2,CHE,,
2.10723,1954,3,CHE,,
3.3481,1954,4,CHE,,
8.06872,1954,5,CHE,,
12.6586,1954,6,CHE,,
12.1838,1954,7,CHE,,
12.409,1954,8,CHE,,
11.4114,1954,9,CHE,,
6.71232,1954,10,CHE,,
2.45682,1954,11,CHE,,
0.41638,1954,12,CHE,,
-1.3989,1955,1,CHE,,
-2.0337,1955,2,CHE,,
-0.5424,1955,3,CHE,,
5.24715,1955,4,CHE,,
8.40733,1955,5,CHE,,
12.16,1955,6,CHE,,
13.9005,1955,7,CHE,,
13.0894,1955,8,CHE,,
10.659,1955,9,CHE,,
5.67268,1955,10,CHE,,
0.79854,1955,11,CHE,,
0.8393,1955,12,CHE,,
-1.0879,1956,1,CHE,,
-5.6475,1956,2,CHE,,
0.59803,1956,3,CHE,,
3.08126,1956,4,CHE,,
9.48807,1956,5,CHE,,
10.4707,1956,6,CHE,,
13.4664,1956,7,CHE,,
12.3282,1956,8,CHE,,
11.6205,1956,9,CHE,,
5.27872,1956,10,CHE,,
0.28205,1956,11,CHE,,
-1.3287,1956,12,CHE,,
-3.7385,1957,1,CHE,,
0.90132,1957,2,CHE,,
4.15737,1957,3,CHE,,
4.87705,1957,4,CHE,,
6.56807,1957,5,CHE,,
12.2849,1957,6,CHE,,
14.0071,1957,7,CHE,,
12.5977,1957,8,CHE,,
10.2605,1957,9,CHE,,
6.41214,1957,10,CHE,,
2.13337,1957,11,CHE,,
-1.7924,1957,12,CHE,,
-2.2508,1958,1,CHE,,
0.58492,1958,2,CHE,,
-1.5697,1958,3,CHE,,
2.42481,1958,4,CHE,,
10.9616,1958,5,CHE,,
11.6137,1958,6,CHE,,
14.2732,1958,7,CHE,,
14.4376,1958,8,CHE,,
12.5816,1958,9,CHE,,
6.20317,1958,10,CHE,,
2.17188,1958,11,CHE,,
-0.1781,1958,12,CHE,,
-2.2885,1959,1,CHE,,
-1.1448,1959,2,CHE,,
3.48685,1959,3,CHE,,
5.57084,1959,4,CHE,,
9.4495,1959,5,CHE,,
12.6944,1959,6,CHE,,
15.8543,1959,7,CHE,,
13.6328,1959,8,CHE,,
11.8196,1959,9,CHE,,
6.22427,1959,10,CHE,,
0.83877,1959,11,CHE,,
0.12491,1959,12,CHE,,
-2.7889,1960,1,CHE,,
-1.2225,1960,2,CHE,,
2.34273,1960,3,CHE,,
4.84897,1960,4,CHE,,
9.98259,1960,5,CHE,,
13.126,1960,6,CHE,,
12.0389,1960,7,CHE,,
12.8029,1960,8,CHE,,
9.20579,1960,9,CHE,,
5.93935,1960,10,CHE,,
3.08982,1960,11,CHE,,
-1.2779,1960,12,CHE,,
-2.5753,1961,1,CHE,,
1.39106,1961,2,CHE,,
3.31054,1961,3,CHE,,
7.34666,1961,4,CHE,,
7.8252,1961,5,CHE,,
12.6569,1961,6,CHE,,
12.8114,1961,7,CHE,,
13.55,1961,8,CHE,,
14.3168,1961,9,CHE,,
7.7426,1961,10,CHE,,
1.61876,1961,11,CHE,,
-0.7773,1961,12,CHE,,
-1.092,1962,1,CHE,,
-2.2619,1962,2,CHE,,
-1.5542,1962,3,CHE,,
4.58088,1962,4,CHE,,
7.17301,1962,5,CHE,,
11.5254,1962,6,CHE,,
13.2882,1962,7,CHE,,
15.2826,1962,8,CHE,,
11.0085,1962,9,CHE,,
6.9978,1962,10,CHE,,
0.10578,1962,11,CHE,,
-4.1926,1962,12,CHE,,
-7.1748,1963,1,CHE,,
-5.8744,1963,2,CHE,,
0.31041,1963,3,CHE,,
5.54137,1963,4,CHE,,
8.32553,1963,5,CHE,,
11.6889,1963,6,CHE,,
14.8421,1963,7,CHE,,
12.4733,1963,8,CHE,,
11.1298,1963,9,CHE,,
6.38554,1963,10,CHE,,
4.36805,1963,11,CHE,,
-3.4816,1963,12,CHE,,
-4.0837,1964,1,CHE,,
-0.5841,1964,2,CHE,,
-0.0065,1964,3,CHE,,
5.69559,1964,4,CHE,,
10.3319,1964,5,CHE,,
13.3864,1964,6,CHE,,
15.5057,1964,7,CHE,,
13.2808,1964,8,CHE,,
11.4179,1964,9,CHE,,
5.37927,1964,10,CHE,,
2.82702,1964,11,CHE,,
-1.8846,1964,12,CHE,,
-1.8556,1965,1,CHE,,
-4.6338,1965,2,CHE,,
0.6809,1965,3,CHE,,
3.77849,1965,4,CHE,,
8.13648,1965,5,CHE,,
12.4708,1965,6,CHE,,
12.6483,1965,7,CHE,,
12.5216,1965,8,CHE,,
8.90537,1965,9,CHE,,
6.61011,1965,10,CHE,,
1.13387,1965,11,CHE,,
-0.1013,1965,12,CHE,,
-4.4474,1966,1,CHE,,
2.03498,1966,2,CHE,,
0.68119,1966,3,CHE,,
6.07473,1966,4,CHE,,
9.42716,1966,5,CHE,,
13.2149,1966,6,CHE,,
12.2682,1966,7,CHE,,
12.2537,1966,8,CHE,,
11.9874,1966,9,CHE,,
8.79933,1966,10,CHE,,
-0.38,1966,11,CHE,,
-1.1628,1966,12,CHE,,
-2.5025,1967,1,CHE,,
-0.7024,1967,2,CHE,,
2.40817,1967,3,CHE,,
3.80969,1967,4,CHE,,
8.63495,1967,5,CHE,,
11.4978,1967,6,CHE,,
15.7514,1967,7,CHE,,
13.5703,1967,8,CHE,,
10.5101,1967,9,CHE,,
8.60834,1967,10,CHE,,
2.29462,1967,11,CHE,,
-2.8196,1967,12,CHE,,
-3.3044,1968,1,CHE,,
-1.0082,1968,2,CHE,,
1.66093,1968,3,CHE,,
5.82264,1968,4,CHE,,
7.81572,1968,5,CHE,,
11.7446,1968,6,CHE,,
13.4588,1968,7,CHE,,
11.8925,1968,8,CHE,,
9.96001,1968,9,CHE,,
8.27174,1968,10,CHE,,
1.98198,1968,11,CHE,,
-2.4316,1968,12,CHE,,
-2.1069,1969,1,CHE,,
-3.9482,1969,2,CHE,,
0.60226,1969,3,CHE,,
4.1169,1969,4,CHE,,
9.77277,1969,5,CHE,,
10.3853,1969,6,CHE,,
14.7454,1969,7,CHE,,
13.0396,1969,8,CHE,,
11.3867,1969,9,CHE,,
7.53347,1969,10,CHE,,
2.27736,1969,11,CHE,,
-4.5533,1969,12,CHE,,
-2.4129,1970,1,CHE,,
-1.8512,1970,2,CHE,,
-1.1408,1970,3,CHE,,
2.63105,1970,4,CHE,,
7.66409,1970,5,CHE,,
13.1962,1970,6,CHE,,
13.6974,1970,7,CHE,,
13.9091,1970,8,CHE,,
11.7735,1970,9,CHE,,
6.13582,1970,10,CHE,,
3.10503,1970,11,CHE,,
-2.6661,1970,12,CHE,,
-3.5982,1971,1,CHE,,
-1.7159,1971,2,CHE,,
-2.0395,1971,3,CHE,,
6.61035,1971,4,CHE,,
9.77782,1971,5,CHE,,
10.6712,1971,6,CHE,,
15.3786,1971,7,CHE,,
15.2266,1971,8,CHE,,
10.2901,1971,9,CHE,,
7.304,1971,10,CHE,,
0.93988,1971,11,CHE,,
-0.6564,1971,12,CHE,,
-2.3387,1972,1,CHE,,
0.29851,1972,2,CHE,,
2.63663,1972,3,CHE,,
4.16773,1972,4,CHE,,
7.86411,1972,5,CHE,,
10.9433,1972,6,CHE,,
13.5911,1972,7,CHE,,
12.9662,1972,8,CHE,,
7.74278,1972,9,CHE,,
5.28509,1972,10,CHE,,
2.14549,1972,11,CHE,,
-1.7308,1972,12,CHE,,
-2.6028,1973,1,CHE,,
-2.2706,1973,2,CHE,,
0.47159,1973,3,CHE,,
2.21866,1973,4,CHE,,
9.56561,1973,5,CHE,,
12.8132,1973,6,CHE,,
13.5979,1973,7,CHE,,
15.2394,1973,8,CHE,,
11.9081,1973,9,CHE,,
5.57972,1973,10,CHE,,
1.33808,1973,11,CHE,,
-2.1571,1973,12,CHE,,
0.23101,1974,1,CHE,,
0.32689,1974,2,CHE,,
2.7959,1974,3,CHE,,
4.49278,1974,4,CHE,,
8.04321,1974,5,CHE,,
10.9081,1974,6,CHE,,
13.6887,1974,7,CHE,,
14.8638,1974,8,CHE,,
10.5514,1974,9,CHE,,
2.54481,1974,10,CHE,,
1.70297,1974,11,CHE,,
1.15324,1974,12,CHE,,
0.45562,1975,1,CHE,,
-0.8147,1975,2,CHE,,
0.37305,1975,3,CHE,,
4.5159,1975,4,CHE,,
8.60071,1975,5,CHE,,
10.9302,1975,6,CHE,,
14.4786,1975,7,CHE,,
14.3291,1975,8,CHE,,
12.5195,1975,9,CHE,,
5.43476,1975,10,CHE,,
1.68793,1975,11,CHE,,
-1.6126,1975,12,CHE,,
-1.5031,1976,1,CHE,,
-0.8409,1976,2,CHE,,
0.20476,1976,3,CHE,,
4.40249,1976,4,CHE,,
9.95165,1976,5,CHE,,
14.521,1976,6,CHE,,
15.4098,1976,7,CHE,,
12.2408,1976,8,CHE,,
9.22141,1976,9,CHE,,
7.34225,1976,10,CHE,,
2.00237,1976,11,CHE,,
-2.4941,1976,12,CHE,,
-2.0171,1977,1,CHE,,
0.95982,1977,2,CHE,,
3.64406,1977,3,CHE,,
3.57448,1977,4,CHE,,
7.87207,1977,5,CHE,,
11.3347,1977,6,CHE,,
13.397,1977,7,CHE,,
12.1783,1977,8,CHE,,
9.62439,1977,9,CHE,,
8.1018,1977,10,CHE,,
2.16818,1977,11,CHE,,
-0.5853,1977,12,CHE,,
-2.056,1978,1,CHE,,
-2.4368,1978,2,CHE,,
1.69382,1978,3,CHE,,
3.47218,1978,4,CHE,,
7.29878,1978,5,CHE,,
11.0861,1978,6,CHE,,
13.1184,1978,7,CHE,,
12.7033,1978,8,CHE,,
10.5631,1978,9,CHE,,
6.29515,1978,10,CHE,,
1.10889,1978,11,CHE,,
-0.5378,1978,12,CHE,,
-4.6917,1979,1,CHE,,
-0.8328,1979,2,CHE,,
1.61618,1979,3,CHE,,
2.95843,1979,4,CHE,,
8.83046,1979,5,CHE,,
12.7668,1979,6,CHE,,
13.7423,1979,7,CHE,,
12.4343,1979,8,CHE,,
11.1264,1979,9,CHE,,
7.49085,1979,10,CHE,,
1.48175,1979,11,CHE,,
0.61705,1979,12,CHE,,
-3.1424,1980,1,CHE,,
0.35831,1980,2,CHE,,
1.2143,1980,3,CHE,,
2.99414,1980,4,CHE,,
6.93086,1980,5,CHE,,
10.5754,1980,6,CHE,,
11.8245,1980,7,CHE,,
14.5998,1980,8,CHE,,
12.0584,1980,9,CHE,,
5.83964,1980,10,CHE,,
0.79754,1980,11,CHE,,
-2.5704,1980,12,CHE,,
-3.6711,1981,1,CHE,,
-3.025,1981,2,CHE,,
3.68801,1981,3,CHE,,
5.8421,1981,4,CHE,,
8.38979,1981,5,CHE,,
12.4261,1981,6,CHE,,
12.9916,1981,7,CHE,,
14.221,1981,8,CHE,,
11.5432,1981,9,CHE,,
6.54966,1981,10,CHE,,
1.47379,1981,11,CHE,,
-1.8208,1981,12,CHE,,
-1.8005,1982,1,CHE,,
-1.7498,1982,2,CHE,,
0.82814,1982,3,CHE,,
4.1477,1982,4,CHE,,
9.33664,1982,5,CHE,,
13.4019,1982,6,CHE,,
15.7493,1982,7,CHE,,
13.6125,1982,8,CHE,,
13.0302,1982,9,CHE,,
6.52768,1982,10,CHE,,
3.26501,1982,11,CHE,,
0.19653,1982,12,CHE,,
-0.32,1983,1,CHE,,
-3.4091,1983,2,CHE,,
1.98967,1983,3,CHE,,
5.05567,1983,4,CHE,,
7.14351,1983,5,CHE,,
13.2424,1983,6,CHE,,
17.995,1983,7,CHE,,
14.9111,1983,8,CHE,,
11.8667,1983,9,CHE,,
7.30703,1983,10,CHE,,
1.62133,1983,11,CHE,,
-1.1975,1983,12,CHE,,
-1.9574,1984,1,CHE,,
-2.6625,1984,2,CHE,,
-0.3567,1984,3,CHE,,
3.90465,1984,4,CHE,,
6.13639,1984,5,CHE,,
11.734,1984,6,CHE,,
14.7478,1984,7,CHE,,
13.7497,1984,8,CHE,,
9.80997,1984,9,CHE,,
7.45867,1984,10,CHE,,
3.52321,1984,11,CHE,,
-0.2403,1984,12,CHE,,
-6.8422,1985,1,CHE,,
-2.8827,1985,2,CHE,,
-0.1275,1985,3,CHE,,
4.9943,1985,4,CHE,,
8.665,1985,5,CHE,,
11.0197,1985,6,CHE,,
15.6959,1985,7,CHE,,
14.2486,1985,8,CHE,,
12.7432,1985,9,CHE,,
7.74141,1985,10,CHE,,
-0.4934,1985,11,CHE,,
0.70965,1985,12,CHE,,
-1.9608,1986,1,CHE,,
-6.1217,1986,2,CHE,,
0.63399,1986,3,CHE,,
2.97874,1986,4,CHE,,
10.9815,1986,5,CHE,,
12.8,1986,6,CHE,,
14.4393,1986,7,CHE,,
14.121,1986,8,CHE,,
11.3168,1986,9,CHE,,
8.39131,1986,10,CHE,,
2.99601,1986,11,CHE,,
-0.7738,1986,12,CHE,,
-5.2802,1987,1,CHE,,
-1.6059,1987,2,CHE,,
-1.4831,1987,3,CHE,,
5.81864,1987,4,CHE,,
6.79265,1987,5,CHE,,
10.9729,1987,6,CHE,,
14.6595,1987,7,CHE,,
14.0624,1987,8,CHE,,
13.7943,1987,9,CHE,,
8.01029,1987,10,CHE,,
2.74684,1987,11,CHE,,
0.36579,1987,12,CHE,,
0.58392,1988,1,CHE,,
-0.8968,1988,2,CHE,,
1.04721,1988,3,CHE,,
5.68486,1988,4,CHE,,
10.0693,1988,5,CHE,,
11.9276,1988,6,CHE,,
14.5824,1988,7,CHE,,
14.9714,1988,8,CHE,,
11.3369,1988,9,CHE,,
8.47355,1988,10,CHE,,
0.7321,1988,11,CHE,,
0.18583,1988,12,CHE,,
-1.0548,1989,1,CHE,,
0.35824,1989,2,CHE,,
4.52139,1989,3,CHE,,
3.90274,1989,4,CHE,,
10.5557,1989,5,CHE,,
11.9499,1989,6,CHE,,
15.2503,1989,7,CHE,,
14.7394,1989,8,CHE,,
11.367,1989,9,CHE,,
7.68085,1989,10,CHE,,
1.10378,1989,11,CHE,,
0.24278,1989,12,CHE,,
-1.6159,1990,1,CHE,,
3.02898,1990,2,CHE,,
4.09498,1990,3,CHE,,
4.01255,1990,4,CHE,,
11.0771,1990,5,CHE,,
12.0127,1990,6,CHE,,
15.0274,1990,7,CHE,,
15.5437,1990,8,CHE,,
10.8924,1990,9,CHE,,
8.64589,1990,10,CHE,,
1.90361,1990,11,CHE,,
-2.2499,1990,12,CHE,,
-0.0943,1991,1,CHE,,
-2.4084,1991,2,CHE,,
5.01769,1991,3,CHE,,
4.02178,1991,4,CHE,,
7.28226,1991,5,CHE,,
12.2518,1991,6,CHE,,
16.9499,1991,7,CHE,,
17.0974,1991,8,CHE,,
14.0728,1991,9,CHE,,
6.23461,1991,10,CHE,,
2.35385,1991,11,CHE,,
-1.1207,1991,12,CHE,,
-2.2142,1992,1,CHE,,
-0.4292,1992,2,CHE,,
3.67623,1992,3,CHE,,
6.07053,1992,4,CHE,,
11.9386,1992,5,CHE,,
12.1215,1992,6,CHE,,
15.7801,1992,7,CHE,,
17.262,1992,8,CHE,,
12.0228,1992,9,CHE,,
5.35909,1992,10,CHE,,
3.74996,1992,11,CHE,,
-0.5935,1992,12,CHE,,
0.17243,1993,1,CHE,,
-0.7717,1993,2,CHE,,
2.32009,1993,3,CHE,,
6.36962,1993,4,CHE,,
10.6229,1993,5,CHE,,
14.1197,1993,6,CHE,,
14.0917,1993,7,CHE,,
15.0083,1993,8,CHE,,
10.2171,1993,9,CHE,,
5.97566,1993,10,CHE,,
0.57959,1993,11,CHE,,
0.8609,1993,12,CHE,,
0.92949,1994,1,CHE,,
0.42023,1994,2,CHE,,
5.44008,1994,3,CHE,,
5.0143,1994,4,CHE,,
9.79266,1994,5,CHE,,
14.062,1994,6,CHE,,
18.2101,1994,7,CHE,,
16.6869,1994,8,CHE,,
11.5392,1994,9,CHE,,
6.96835,1994,10,CHE,,
5.87297,1994,11,CHE,,
1.26066,1994,12,CHE,,
-1.0436,1995,1,CHE,,
3.02166,1995,2,CHE,,
1.76955,1995,3,CHE,,
5.65989,1995,4,CHE,,
9.32861,1995,5,CHE,,
11.9196,1995,6,CHE,,
17.6508,1995,7,CHE,,
14.5429,1995,8,CHE,,
9.6928,1995,9,CHE,,
10.5102,1995,10,CHE,,
2.42198,1995,11,CHE,,
-0.498,1995,12,CHE,,
-0.1944,1996,1,CHE,,
-1.5435,1996,2,CHE,,
0.26225,1996,3,CHE,,
5.90772,1996,4,CHE,,
9.04782,1996,5,CHE,,
13.9228,1996,6,CHE,,
14.3671,1996,7,CHE,,
13.6565,1996,8,CHE,,
9.01962,1996,9,CHE,,
7.03178,1996,10,CHE,,
2.95408,1996,11,CHE,,
-0.6585,1996,12,CHE,,
-2.4415,1997,1,CHE,,
1.49112,1997,2,CHE,,
5.41072,1997,3,CHE,,
4.71093,1997,4,CHE,,
9.97042,1997,5,CHE,,
12.9351,1997,6,CHE,,
14.0924,1997,7,CHE,,
16.5585,1997,8,CHE,,
13.3712,1997,9,CHE,,
7.74162,1997,10,CHE,,
3.07703,1997,11,CHE,,
0.23448,1997,12,CHE,,
0.6409,1998,1,CHE,,
2.38658,1998,2,CHE,,
3.60522,1998,3,CHE,,
4.88971,1998,4,CHE,,
11.5826,1998,5,CHE,,
13.7422,1998,6,CHE,,
15.3535,1998,7,CHE,,
15.4864,1998,8,CHE,,
11.2964,1998,9,CHE,,
7.65112,1998,10,CHE,,
0.33457,1998,11,CHE,,
-0.5402,1998,12,CHE,,
-0.6215,1999,1,CHE,,
-1.1887,1999,2,CHE,,
2.84393,1999,3,CHE,,
5.5543,1999,4,CHE,,
11.5344,1999,5,CHE,,
12.9388,1999,6,CHE,,
16.1263,1999,7,CHE,,
14.8425,1999,8,CHE,,
13.6134,1999,9,CHE,,
7.46497,1999,10,CHE,,
1.37208,1999,11,CHE,,
-0.6737,1999,12,CHE,,
-2.0781,2000,1,CHE,,
0.96636,2000,2,CHE,,
4.11408,2000,3,CHE,,
6.39334,2000,4,CHE,,
11.5702,2000,5,CHE,,
15.5331,2000,6,CHE,,
13.58,2000,7,CHE,,
15.6899,2000,8,CHE,,
12.892,2000,9,CHE,,
8.69054,2000,10,CHE,,
3.81396,2000,11,CHE,,
2.3913,2000,12,CHE,,
-0.6629,2001,1,CHE,,
0.76906,2001,2,CHE,,
5.09741,2001,3,CHE,,
5.16753,2001,4,CHE,,
12.6367,2001,5,CHE,,
12.2534,2001,6,CHE,,
15.8339,2001,7,CHE,,
16.0171,2001,8,CHE,,
9.01487,2001,9,CHE,,
10.9609,2001,10,CHE,,
1.18807,2001,11,CHE,,
-1.3421,2001,12,CHE,,
-0.6001,2002,1,CHE,,
2.22129,2002,2,CHE,,
5.0891,2002,3,CHE,,
6.73126,2002,4,CHE,,
10.367,2002,5,CHE,,
16.3954,2002,6,CHE,,
14.7844,2002,7,CHE,,
14.3593,2002,8,CHE,,
11.1768,2002,9,CHE,,
7.67669,2002,10,CHE,,
4.39609,2002,11,CHE,,
2.43936,2002,12,CHE,,
-1.955,2003,1,CHE,,
-1.9743,2003,2,CHE,,
5.25411,2003,3,CHE,,
5.94809,2003,4,CHE,,
12.5705,2003,5,CHE,,
25.0993,2003,6,CHE,,
16.8138,2003,7,CHE,,
17.195,2003,8,CHE,,
11.9542,2003,9,CHE,,
5.70055,2003,10,CHE,,
3.89504,2003,11,CHE,,
-0.2771,2003,12,CHE,,
-1.5043,2004,1,CHE,,
0.91924,2004,2,CHE,,
2.80791,2004,3,CHE,,
5.90338,2004,4,CHE,,
8.55661,2004,5,CHE,,
13.5543,2004,6,CHE,,
14.7626,2004,7,CHE,,
15.9175,2004,8,CHE,,
13.1537,2004,9,CHE,,
9.16171,2004,10,CHE,,
2.29167,2004,11,CHE,,
0.32425,2004,12,CHE,,
-0.5697,2005,1,CHE,,
-3.2667,2005,2,CHE,,
2.23456,2005,3,CHE,,
5.7927,2005,4,CHE,,
11.5104,2005,5,CHE,,
15.9279,2005,6,CHE,,
16.1147,2005,7,CHE,,
14.1974,2005,8,CHE,,
13.3858,2005,9,CHE,,
8.51195,2005,10,CHE,,
1.67637,2005,11,CHE,,
-2.5711,2005,12,CHE,,
-3.5123,2006,1,CHE,,
-2.1812,2006,2,CHE,,
0.61544,2006,3,CHE,,
5.65868,2006,4,CHE,,
10.0609,2006,5,CHE,,
15.4408,2006,6,CHE,,
20.1304,2006,7,CHE,,
12.8246,2006,8,CHE,,
13.9314,2006,9,CHE,,
10.6176,2006,10,CHE,,
5.09583,2006,11,CHE,,
1.63894,2006,12,CHE,,
1.48621,2007,1,CHE,,
1.96986,2007,2,CHE,,
2.95852,2007,3,CHE,,
17.3854,2007,4,CHE,,
12.147,2007,5,CHE,,
14.7372,2007,6,CHE,,
15.2924,2007,7,CHE,,
14.6419,2007,8,CHE,,
10.4582,2007,9,CHE,,
7.95262,2007,10,CHE,,
1.23799,2007,11,CHE,,
-0.0478,2007,12,CHE,,
0.36651,2008,1,CHE,,
2.26886,2008,2,CHE,,
3.30999,2008,3,CHE,,
5.9454,2008,4,CHE,,
11.1902,2008,5,CHE,,
14.7285,2008,6,CHE,,
15.5689,2008,7,CHE,,
15.4274,2008,8,CHE,,
10.1634,2008,9,CHE,,
7.72967,2008,10,CHE,,
2.3778,2008,11,CHE,,
-0.3248,2008,12,CHE,,
-2.0412,2009,1,CHE,,
-0.263,2009,2,CHE,,
1.85175,2009,3,CHE,,
7.75972,2009,4,CHE,,
13.1106,2009,5,CHE,,
13.4641,2009,6,CHE,,
15.9681,2009,7,CHE,,
16.6452,2009,8,CHE,,
12.7233,2009,9,CHE,,
7.16084,2009,10,CHE,,
4.27377,2009,11,CHE,,
-0.4209,2009,12,CHE,,
-2.6064,2010,1,CHE,,
-1.5948,2010,2,CHE,,
2.60318,2010,3,CHE,,
7.28628,2010,4,CHE,,
8.40412,2010,5,CHE,,
13.5485,2010,6,CHE,,
17.0836,2010,7,CHE,,
14.6449,2010,8,CHE,,
11.0634,2010,9,CHE,,
6.98238,2010,10,CHE,,
3.21889,2010,11,CHE,,
-3.0527,2010,12,CHE,,
-0.143,2011,1,CHE,,
1.18116,2011,2,CHE,,
4.37387,2011,3,CHE,,
9.65279,2011,4,CHE,,
11.8469,2011,5,CHE,,
14.1281,2011,6,CHE,,
13.8486,2011,7,CHE,,
16.0004,2011,8,CHE,,
13.761,2011,9,CHE,,
8.15902,2011,10,CHE,,
3.40317,2011,11,CHE,,
1.02743,2011,12,CHE,,
0.57911,2012,1,CHE,,
-3.629,2012,2,CHE,,
4.91694,2012,3,CHE,,
5.39603,2012,4,CHE,,
10.5384,2012,5,CHE,,
15.1722,2012,6,CHE,,
15.1627,2012,7,CHE,,
17.1203,2012,8,CHE,,
12.4719,2012,9,CHE,,
7.78333,2012,10,CHE,,
3.77856,2012,11,CHE,,
-0.6439,2012,12,CHE,,
-1.4397,2013,1,CHE,,
-1.9636,2013,2,CHE,,
1.26572,2013,3,CHE,,
5.81941,2013,4,CHE,,
8.47654,2013,5,CHE,,
12.9485,2013,6,CHE,,
17.5772,2013,7,CHE,,
16.2149,2013,8,CHE,,
12.1213,2013,9,CHE,,
9.43423,2013,10,CHE,,
2.34624,2013,11,CHE,,
0.69791,2013,12,CHE,,
0.4592,2014,1,CHE,,
2.32326,2014,2,CHE,,
4.33835,2014,3,CHE,,
8.42293,2014,4,CHE,,
10.1105,2014,5,CHE,,
14.3656,2014,6,CHE,,
14.7691,2014,7,CHE,,
13.767,2014,8,CHE,,
13.016,2014,9,CHE,,
10.3677,2014,10,CHE,,
4.86441,2014,11,CHE,,
0.95512,2014,12,CHE,,
-1.1036,2015,1,CHE,,
-1.7109,2015,2,CHE,,
2.83039,2015,3,CHE,,
6.47069,2015,4,CHE,,
10.5322,2015,5,CHE,,
14.7403,2015,6,CHE,,
18.7336,2015,7,CHE,,
16.7001,2015,8,CHE,,
10.7756,2015,9,CHE,,
6.92739,2015,10,CHE,,
4.58214,2015,11,CHE,,
1.88473,2015,12,CHE,,
